match_id,duration,radiant_win,start_time,patch,game_mode,lobby_type
7459306622,1655,False,1700997308,7.34,2,1
6002733232,2999,False,1621514127,7.29,2,1
6190077843,2071,True,1632208509,7.30,2,1
5475087738,1285,False,1592393482,7.26,2,1
7550197896,2072,False,1705953634,7.35,2,1
7550198594,1984,True,1705953759,7.35,2,1
7181117627,2332,True,1685624836,7.33,2,1
7342539058,2286,False,1695136141,7.34,2,1
7526970136,1945,True,1704657632,7.35,2,1
7341523614,2312,True,1695066365,7.34,2,1
8640875845,2364,True,1767892108,7.40,2,1
7480681366,1649,False,1702152236,7.34,2,1
7376171360,1572,True,1696999732,7.34,2,1
7341706309,2588,False,1695081438,7.34,2,1
7352560244,1791,True,1695704002,7.34,2,1
7349489179,1948,False,1695535165,7.34,2,1
7400323565,1616,True,1698319883,7.34,2,1
3268230772,2434,False,1498215063,7.06,2,1
7346069680,1829,False,1695358281,7.34,2,1
5724649139,1343,False,1606828657,7.27,2,1
7454829582,2075,False,1700771202,7.34,2,1
7453261340,1311,False,1700684822,7.34,2,1
7448610623,2216,False,1700435432,7.34,2,1
7448561156,2595,False,1700431457,7.34,2,1
7444346987,2244,False,1700252003,7.34,2,1
7398957115,3751,False,1698239561,7.34,2,1
7396001575,2292,False,1698069661,7.34,2,1
7384671676,1962,True,1697458551,7.34,2,1
7430582628,3207,False,1699624858,7.34,2,1
8673414371,1904,True,1769952845,7.40,2,1
7395731734,3283,False,1698060629,7.34,2,1
7391463411,2418,False,1697836856,7.34,2,1
7382924098,3158,False,1697364643,7.34,2,1
7395588422,1768,False,1698051704,7.34,2,1
7505135337,3262,False,1703496021,7.34,2,1
7309795758,3547,False,1693331398,7.34,2,1
7346948922,1183,True,1695402424,7.34,2,1
7338081606,2075,False,1694887272,7.34,2,1
7186204322,1880,False,1685900290,7.33,2,1
5711591682,1431,False,1606035158,7.27,2,1
6081062156,2691,True,1625860830,7.29,2,1
7179367595,2174,False,1685521110,7.33,2,1
3340894274,1317,False,1501232669,7.06,2,1
7258942295,1285,True,1690462913,7.33,2,1
7270366714,3788,False,1691164969,7.33,2,1
7219341014,1859,True,1687950296,7.33,2,1
8639071343,2423,False,1767788695,7.40,2,1
7220383275,1472,False,1688013260,7.33,2,1
7216943673,1386,True,1687791725,7.33,2,1
7554584235,1891,False,1706226218,7.35,2,1
7551315055,2054,True,1706026653,7.35,2,1
7291078327,1461,False,1692383411,7.34,2,1
7288419175,2639,True,1692247542,7.34,2,1
7218278042,1259,False,1687877029,7.33,2,1
7399004155,1524,True,1698241023,7.34,2,1
7215852836,2962,False,1687718263,7.33,2,1
7396981471,2760,False,1698127543,7.34,2,1
7441284219,1875,True,1700103608,7.34,2,1
7368207552,2196,True,1696592088,7.34,2,1
7359937456,2678,True,1696144645,7.34,2,1
7358730164,2454,True,1696080136,7.34,2,1
7573562326,2176,True,1707301022,7.35,2,1
5694647508,1882,True,1604963474,7.27,2,1
7344161024,2737,True,1695231322,7.34,2,1
7552008919,1687,True,1706077476,7.35,2,1
7215240397,1817,False,1687693764,7.33,2,1
7324760747,1629,False,1694167521,7.34,2,1
7206026638,2077,False,1687111347,7.33,2,1
7574121927,2372,True,1707321397,7.35,2,1
7205326646,1352,True,1687082472,7.33,2,1
7204368384,3905,False,1687021150,7.33,2,1
7173398447,2036,True,1685185532,7.33,2,1
7173427255,2017,False,1685186710,7.33,2,1
7575162897,1317,True,1707367409,7.35,2,1
7331893073,1970,False,1694538635,7.34,2,1
7399625045,1505,True,1698264451,7.34,2,1
7322574600,1861,True,1694024907,7.34,2,1
6125814545,1155,True,1628419025,7.29,2,1
7376001656,1726,False,1696981372,7.34,2,1
7357836541,1851,False,1696026749,7.34,2,1
7552578117,1284,True,1706108604,7.35,2,1
6225151294,2556,False,1634378329,7.30,2,1
7199673134,1910,True,1686737247,7.33,2,1
6204640353,2143,False,1633111811,7.30,2,1
7110141614,2686,True,1681654556,7.32,2,1
7109899200,3765,True,1681646573,7.32,2,1
7552909311,2512,False,1706122720,7.35,2,1
7552866775,3061,False,1706120747,7.35,2,1
7576101070,988,True,1707408035,7.35,2,1
7107236510,2005,False,1681501468,7.32,2,1
7677694350,2309,True,1712656945,7.35,2,1
7231152091,2460,True,1688700004,7.33,2,1
7277395865,2828,False,1691592793,7.34,2,1
7168651324,1990,False,1684912823,7.33,2,1
7191018111,1733,True,1686213477,7.33,2,1
8634717773,1941,False,1767520817,7.40,2,1
7130749852,2824,False,1682771763,7.33,2,1
7134773328,2500,False,1682967242,7.33,2,1
7507281870,2545,True,1703607953,7.35,2,1
7310899412,1760,True,1693401382,7.34,2,1
7238658259,1960,True,1689165474,7.33,2,1
5633147763,2379,False,1601216381,7.27,2,1
7578573036,1674,True,1707520834,7.35,2,1
7578591459,1466,True,1707522301,7.35,2,1
7580843816,1753,True,1707637500,7.35,2,1
5609506169,2138,False,1599822778,7.27,2,1
7464925935,2957,True,1701305630,7.34,2,1
5622795922,1653,False,1600593487,7.27,2,1
7434167751,2196,False,1699764915,7.34,2,1
7276939451,2148,True,1691572063,7.34,2,1
7240557045,2986,True,1689279751,7.33,2,1
7435039843,1783,True,1699794726,7.34,2,1
7318017917,3254,True,1693758201,7.34,2,1
7235700901,2491,False,1688972783,7.33,2,1
7239753836,2520,True,1689240370,7.33,2,1
8642774198,1846,False,1768007699,7.40,2,1
7241153716,1644,False,1689332669,7.33,2,1
7509583591,1747,True,1703747930,7.35,2,1
7582302438,2272,False,1707696785,7.35,2,1
7229973750,1539,False,1688621140,7.33,2,1
7400143958,1160,False,1698308833,7.34,2,1
5571742384,2823,True,1597637909,7.27,2,1
7268305013,2000,False,1691037649,7.33,2,1
8636492696,1128,True,1767621986,7.40,2,1
7363272606,1979,True,1696333322,7.34,2,1
7227405504,1835,False,1688447914,7.33,2,1
7548878872,1840,False,1705873222,7.35,2,1
7320120558,2005,False,1693886717,7.34,2,1
7397810759,2127,True,1698165498,7.34,2,1
7281285828,2033,False,1691829711,7.34,2,1
8636456043,2950,False,1767620519,7.40,2,1
7582806182,1642,True,1707730852,7.35,2,1
5545270724,1031,False,1596201137,7.27,2,1
6358711063,2027,True,1641293790,7.30,2,1
7199730427,2184,True,1686741546,7.33,2,1
6670804490,1274,True,1658361180,7.31,2,1
6344009916,1979,False,1640588183,7.30,2,1
6007393606,2301,True,1621765782,7.29,2,1
6930408974,4464,True,1671693147,7.32,2,1
7070134286,2892,True,1679347825,7.32,2,1
6183513880,2451,True,1631822758,7.30,2,1
8642066073,2666,False,1767970829,7.40,2,1
8636761702,2397,False,1767633766,7.40,2,1
7389363130,2063,False,1697727820,7.34,2,1
8636750963,2137,True,1767633060,7.40,2,1
6677979152,2593,True,1658783731,7.31,2,1
5513057437,2841,True,1594747786,7.27,2,1
6118392805,1878,True,1627994021,7.29,2,1
5505269044,1488,False,1594274369,7.27,2,1
5504177297,1915,False,1594204078,7.27,2,1
5927804763,2444,False,1617570260,7.28,2,1
5504066079,1406,True,1594196872,7.27,2,1
6200126230,2925,False,1632829438,7.30,2,1
5934314266,2479,True,1617896504,7.28,2,1
8642194263,1579,True,1767975463,7.40,2,1
7632981022,1839,True,1710210863,7.35,2,1
5977611024,3430,True,1620079766,7.29,2,1
5980627992,4251,False,1620244503,7.29,2,1
7602675371,1646,True,1708677120,7.35,2,1
8675772033,2527,True,1770109523,7.40,2,1
5909426510,1305,True,1616756505,7.28,2,1
7522292402,2385,True,1704442715,7.35,2,1
6678577194,1765,False,1658832884,7.31,2,1
7655699860,2486,False,1711443778,7.35,2,1
7522323933,1474,False,1704444777,7.35,2,1
6689226791,1427,False,1659444049,7.31,2,1
7522676242,3542,True,1704461111,7.35,2,1
5893395760,2170,True,1616043583,7.28,2,1
8654806161,2322,False,1768752841,7.40,2,1
6026219483,2549,False,1622814430,7.29,2,1
7633814106,2896,True,1710257715,7.35,2,1
6255632504,1975,False,1635930023,7.30,2,1
5917443590,1394,True,1617100937,7.28,2,1
6027756889,2932,True,1622894871,7.29,2,1
5417731095,2683,True,1589599659,7.26,2,1
6250098807,1870,False,1635650920,7.30,2,1
5917225412,1979,True,1617089887,7.28,2,1
5407702097,2908,False,1589115383,7.26,2,1
5217923303,1760,False,1580376057,7.24,2,1
2977202370,1909,False,1486293774,7.01,2,1
5841750029,1505,True,1613595559,7.28,2,1
5407618907,1772,False,1589112834,7.26,2,1
5800917529,1232,True,1611497881,7.28,2,1
7463904062,1795,False,1701255351,7.34,2,1
6703681343,1555,True,1660308643,7.31,2,1
8655212841,1611,False,1768773792,7.40,2,1
6800426302,2333,False,1665478041,7.32,2,1
7029017151,1918,True,1677085236,7.32,2,1
5781022024,1153,True,1610297954,7.28,2,1
6700114243,1819,True,1660078903,7.31,2,1
5754264597,2819,True,1608714781,7.28,2,1
8648632749,1857,False,1768380384,7.40,2,1
6668108895,1406,False,1658188743,7.31,2,1
6795236194,1790,True,1665169701,7.32,2,1
5703120180,2524,False,1605491920,7.27,2,1
7014740074,3055,True,1676238479,7.32,2,1
6753930856,2083,False,1662960615,7.32,2,1
8667246939,1369,False,1769559194,7.40,2,1
7137241978,2866,False,1683120902,7.33,2,1
6694194812,2150,True,1659743654,7.31,2,1
6704794998,2390,False,1660371171,7.31,2,1
5381199866,1491,True,1587935374,7.26,2,1
7126289022,2856,True,1682514438,7.33,2,1
6625531768,1232,False,1655640795,7.31,2,1
5714534506,1867,True,1606219207,7.27,2,1
7591516455,1854,True,1708165814,7.35,2,1
6974461833,3346,False,1673957275,7.32,2,1
6921611915,1787,False,1671218393,7.32,2,1
7141310864,3594,True,1683368573,7.33,1,1
7585919358,1739,True,1707894058,7.35,2,1
7027683741,2484,True,1677002256,7.32,2,1
7130925977,1714,True,1682778014,7.33,2,1
6964041115,2069,False,1673381084,7.32,2,1
6738388637,1390,True,1662198782,7.32,2,1
7334108629,3757,True,1694685774,7.34,2,1
6925622688,870,False,1671417858,7.32,2,1
6840430499,1587,True,1667476165,7.32,2,1
7159435050,1282,True,1684382800,7.33,2,1
6770343330,1718,True,1663837783,7.32,2,1
6887012259,2120,True,1669485649,7.32,2,1
6700605615,1744,False,1660122522,7.31,2,1
7592826348,1555,False,1708208711,7.35,2,1
6625912228,1864,True,1655652956,7.31,2,1
8656312021,1927,False,1768849514,7.40,2,1
7586425526,1987,False,1707918155,7.35,2,1
6704034735,1846,True,1660321514,7.31,2,1
6638966718,2498,False,1656430942,7.31,2,1
6736252095,1340,False,1662088897,7.32,2,1
6722097087,2131,True,1661343062,7.32,2,1
7156865726,2282,True,1684225749,7.33,2,1
5738959751,3299,False,1607760096,7.27,2,1
8649469087,1862,False,1768425790,7.40,2,1
6878950083,1333,True,1669118782,7.32,2,1
6730847678,3199,True,1661790022,7.32,2,1
7204289767,2728,True,1687018504,7.33,2,1
5643710313,2976,True,1601877604,7.27,2,1
6962415847,2564,False,1673295685,7.32,2,1
8650075597,1616,True,1768480600,7.40,2,1
6699184114,1365,False,1660036152,7.31,2,1
7079895795,1606,True,1679915426,7.32,2,1
7009827828,1955,True,1675981486,7.32,2,1
5576933465,2325,True,1597940653,7.27,2,1
6694141682,3047,True,1659738754,7.31,2,1
5548374258,2037,False,1596353879,7.27,2,1
7094374646,1725,False,1680759284,7.32,2,1
7559896009,1811,True,1706526879,7.35,2,1
5556363880,2413,True,1596793990,7.27,2,1
7529601550,1279,True,1704812621,7.35,2,1
7529646072,2185,True,1704814279,7.35,2,1
7191233566,2540,True,1686225939,7.33,2,1
7340878473,2240,True,1695041337,7.34,2,1
7341168996,3006,False,1695051241,7.34,2,1
5072707923,2261,False,1571284790,7.22,2,1
5036624844,1671,True,1569222231,7.22,2,1
7504471134,1955,False,1703444687,7.34,2,1
7397060800,1914,False,1698134171,7.34,2,1
7387478197,1489,True,1697626769,7.34,2,1
7400026016,1728,True,1698299438,7.34,2,1
7377637969,1975,False,1697086243,7.34,2,1
7401727610,1664,True,1698397887,7.34,2,1
7504917519,1948,False,1703480274,7.34,2,1
7454979150,2727,False,1700782512,7.34,2,1
8066160530,1548,False,1733266171,7.37,2,1
7401214684,2978,False,1698353921,7.34,2,1
7395868622,1851,True,1698065979,7.34,2,1
7395312177,3271,True,1698025847,7.34,2,1
8641459586,1620,True,1767932862,7.40,2,1
7329838362,2081,True,1694426885,7.34,2,1
7328472821,2985,False,1694347207,7.34,2,1
7324814395,1718,False,1694171040,7.34,2,1
7305300136,2324,True,1693102963,7.34,2,1
7301898778,3339,False,1692932017,7.34,2,1
7277137620,2933,True,1691582889,7.34,2,1
7275191575,1973,True,1691446704,7.33,2,1
7550913123,2029,True,1706011669,7.35,2,1
7573242905,2158,True,1707282001,7.35,2,1
6129146781,2523,True,1628607601,7.29,2,1
5703049331,2073,True,1605484781,7.27,2,1
6305723564,1421,True,1638652277,7.30,2,1
7216441617,1768,True,1687767425,7.33,2,1
7392041489,2535,True,1697880346,7.34,2,1
7443382605,3388,True,1700220308,7.34,2,1
7216388414,2736,False,1687763421,7.33,2,1
7215541078,1700,True,1687705248,7.33,2,1
5985562215,2013,False,1620529545,7.29,2,1
5695882044,1514,True,1605042142,7.27,2,1
5695227998,1621,True,1605010317,7.27,2,1
7309161659,2843,True,1693308756,7.34,2,1
7393814679,1529,True,1697961439,7.34,2,1
7392811174,1916,True,1697905106,7.34,2,1
3230626855,1657,True,1496840878,7.06,2,1
7573655188,1856,False,1707305498,7.35,1,1
7343967697,2364,True,1695223366,7.34,2,1
7356659472,1981,False,1695972170,7.34,2,1
7213720968,1922,True,1687605114,7.33,2,1
7315073074,1999,False,1693630920,7.34,2,1
7573686854,1810,False,1707306789,7.35,2,1
7322685673,1089,True,1694030463,7.34,2,1
7221835540,3765,True,1688110176,7.33,2,1
8645433977,2706,False,1768150286,7.40,2,1
7203623737,1796,True,1686987981,7.33,2,1
5669567735,2435,True,1603521844,7.27,2,1
7194571754,2791,True,1686416672,7.33,2,1
8641717710,811,False,1767955159,7.40,2,1
7118787769,1597,False,1682135773,7.33,2,1
5649286983,996,True,1602224460,7.27,2,1
7552665772,1184,True,1706112075,7.35,2,1
7552731667,1887,True,1706114740,7.35,2,1
7250606256,2840,True,1689935160,7.33,2,1
7162985883,2513,True,1684589203,7.33,2,1
2980724218,2003,False,1486386685,7.01,2,1
7552698563,2085,False,1706113354,7.35,2,1
5657362310,1937,False,1602747689,7.27,2,1
8621125409,1420,True,1766700359,7.40,2,1
5646370155,1607,False,1602039943,7.27,2,1
6155693347,2377,False,1630148512,7.30,2,1
8505824316,2772,True,1760182226,7.39,2,1
5642245873,1866,False,1601791548,7.27,2,1
7211155274,2820,False,1687446304,7.33,2,1
7166929660,2367,False,1684797282,7.33,2,1
7196747306,1781,False,1686545470,7.33,2,1
6080459928,1804,False,1625835323,7.29,2,1
7317428024,1462,True,1693739603,7.34,2,1
7578744249,2559,False,1707535035,7.35,2,1
6143545377,1654,True,1629453227,7.30,2,1
5625842199,2329,True,1600776068,7.27,2,1
7250311731,1428,True,1689908481,7.33,2,1
7580657378,1486,False,1707625405,7.35,2,1
6264650582,2563,True,1636379242,7.30,2,1
7581193446,2029,False,1707652963,7.35,2,1
7463632091,2070,True,1701235889,7.34,2,1
7581371568,1714,True,1707658667,7.35,2,1
5622022217,1795,False,1600545067,7.27,2,1
6037576907,1980,False,1623452209,7.29,2,1
7361519371,1395,True,1696227029,7.34,2,1
7257809649,1946,False,1690384434,7.33,2,1
7293987895,2092,True,1692522624,7.34,2,1
7430317690,2334,True,1699618017,7.34,2,1
7430223357,1729,False,1699614611,7.34,2,1
7430198997,2676,True,1699613911,7.34,2,1
7288468277,1977,True,1692252062,7.34,2,1
7413280807,2624,True,1698937329,7.34,2,1
7413027395,1612,False,1698932145,7.34,2,1
7412315533,2075,False,1698910315,7.34,2,1
7167091609,1803,False,1684814538,7.33,2,1
8654408839,2399,False,1768738338,7.40,2,1
7230296105,1461,True,1688645273,7.33,2,1
7395740779,1873,True,1698060647,7.34,2,1
7395669883,1513,False,1698056858,7.34,2,1
7509478834,1505,True,1703739432,7.35,2,1
7256147320,1377,True,1690279720,7.33,2,1
7631522326,1019,True,1710128935,7.35,2,1
5568514624,1680,False,1597471227,7.27,2,1
7517691488,1748,False,1704191071,7.35,2,1
7549307975,1893,True,1705913125,7.35,2,1
7212229379,2907,True,1687518244,7.33,2,1
7517723353,2455,True,1704192690,7.35,2,1
7583155661,2697,True,1707746057,7.35,2,1
8430743502,1992,False,1756021999,7.39,2,1
6167303821,1520,True,1630829844,7.30,2,1
7519114937,2422,False,1704266977,7.35,2,1
7206004050,1726,False,1687110718,7.33,2,1
5960902003,1440,False,1619190268,7.29,2,1
7520536407,1812,False,1704340778,7.35,2,1
7520544090,2011,False,1704341548,7.35,2,1
7553960075,3018,False,1706193928,7.35,2,1
2909277303,1046,False,1484149109,7.01,2,1
6219875084,1698,True,1634050767,7.30,2,1
5982664511,2006,False,1620376319,7.29,2,1
7654260970,1893,True,1711361405,7.35,2,1
8636668127,2697,False,1767629231,7.40,2,1
6133075068,1608,True,1628849149,7.29,2,1
5525441740,1572,False,1595229337,7.27,2,1
6327063183,2843,False,1639816029,7.30,2,1
5514343462,1527,False,1594807847,7.27,2,1
7549791540,2066,True,1705935802,7.35,2,1
6747943691,2267,False,1662675457,7.32,2,1
7180389646,2506,True,1685570239,7.33,2,1
8642816439,2464,True,1768011441,7.40,2,1
6832234252,2733,True,1667129015,7.32,2,1
6177681275,1874,False,1631455553,7.30,2,1
6738225678,1998,False,1662191680,7.32,2,1
8646506785,817,True,1768227466,7.40,2,1
8647006639,2425,False,1768253469,7.40,2,1
7196433178,3284,True,1686516528,7.33,2,1
6044541398,2635,False,1623844658,7.29,2,1
5548641510,1474,False,1596364903,7.27,2,1
6026564858,2083,False,1622826222,7.29,2,1
6794090533,2848,True,1665115901,7.32,2,1
5449892977,1586,True,1591099618,7.26,2,1
6025172903,2624,True,1622743867,7.29,1,1
5439616861,1288,True,1590648897,7.26,2,1
8647073981,1761,True,1768259711,7.40,2,1
5979824549,2186,False,1620209082,7.29,2,1
5937282042,2050,True,1618043015,7.29,2,1
8664398858,3205,False,1769365129,7.40,2,1
5425665025,2337,False,1589961876,7.26,2,1
8664452770,1576,True,1769367585,7.40,2,1
2911441315,2261,False,1484243570,7.01,2,1
3006273467,2536,True,1487441459,7.02,2,1
7633069015,1697,True,1710219022,7.35,2,1
5421762807,2095,False,1589754806,7.26,2,1
5860630878,2853,False,1614513964,7.28,2,1
7590849510,1602,True,1708132608,7.35,2,1
5420588373,2339,False,1589716084,7.26,2,1
5905147774,2089,True,1616575017,7.28,2,1
6311514148,2673,True,1638993364,7.30,2,1
6311385069,3100,True,1638986400,7.30,2,1
7633066344,2023,False,1710218767,7.35,2,1
7465238174,1760,True,1701332865,7.34,2,1
7678139013,2424,True,1712674049,7.35,2,1
7168852519,2446,True,1684925717,7.33,2,1
7523989094,2083,True,1704528110,7.35,2,1
6671711287,1177,False,1658420222,7.31,2,1
7701233128,1641,True,1713889037,7.35,2,1
8676157094,1916,True,1770129700,7.40,2,1
6707960636,1897,True,1660539128,7.31,2,1
7208781888,2682,True,1687290419,7.33,2,1
7154419341,1256,True,1684071321,7.33,2,1
5797350899,3325,True,1611312902,7.28,2,1
5773364980,1030,False,1609859371,7.28,2,1
7060869703,2438,True,1678835886,7.32,2,1
6707196231,1940,False,1660489554,7.31,2,1
7069322569,3488,False,1679313141,7.32,2,1
6828378749,1792,False,1666977902,7.32,2,1
6929583998,2000,False,1671639080,7.32,2,1
6809491070,1685,False,1665979603,7.32,2,1
6673050759,2354,False,1658505402,7.31,2,1
6720556927,2198,False,1661254953,7.31,2,1
7224932229,2663,False,1688292723,7.33,2,1
6732123528,2479,False,1661865174,7.32,2,1
5239092204,1496,True,1581504936,7.24,2,1
7162118877,1753,False,1684537441,7.33,2,1
7585853020,1363,True,1707889924,7.35,2,1
6995890822,2735,False,1675184465,7.32,2,1
7173572232,2643,True,1685192883,7.33,2,1
6968078527,2999,False,1673610859,7.32,2,1
5728307990,2970,True,1607079343,7.27,2,1
6736606142,1595,True,1662113557,7.32,2,1
7152887980,1727,False,1683992900,7.33,2,1
7527581144,1729,False,1704703481,7.35,2,1
7148204607,1294,False,1683728609,7.33,2,1
8675526367,1642,True,1770085246,7.40,2,1
7528664752,1902,False,1704750296,7.35,2,1
5583577665,2713,True,1598311201,7.27,2,1
7556196294,2300,True,1706325249,7.35,2,1
5577393373,2052,False,1597970682,7.27,2,1
7210889988,2341,True,1687435367,7.33,2,1
7161630752,1631,True,1684513022,7.33,2,1
8650680974,1969,True,1768509772,7.40,2,1
7169093840,2300,True,1684935970,7.33,2,1
5573342435,2075,True,1597734308,7.27,2,1
7303602285,2343,True,1693023374,7.34,2,1
5541170557,2134,True,1595974533,7.27,2,1
3270349504,1357,False,1498295732,7.06,2,1
3271061720,847,True,1498315748,7.06,2,1
7530650619,2254,False,1704882822,7.35,2,1
5451624988,2575,False,1591185519,7.26,2,1
5490195918,1906,True,1593343255,7.26,2,1
7533047041,2738,True,1705013484,7.35,2,1
5476746876,3877,False,1592499259,7.26,2,1
5506924246,2155,True,1594385419,7.27,2,1
5454738261,1983,True,1591345712,7.26,2,1
8763921209,1853,False,1775719851,7.41,2,1
6057150378,1886,False,1624562585,7.29,2,1
6004322727,2246,False,1621606267,7.29,2,1
5982755965,2484,False,1620381826,7.29,2,1
6124901372,2670,False,1628364072,7.29,2,1
7533329572,1681,False,1705041367,7.35,2,1
5433282180,2060,True,1590337309,7.26,2,1
5404134140,1451,False,1588954424,7.26,2,1
5404121718,1321,False,1588954010,7.26,2,1
7394657711,3023,True,1697988883,7.34,2,1
7393279792,1511,False,1697924419,7.34,2,1
8486822889,1399,True,1759156753,7.39,2,1
7238266071,1463,True,1689138245,7.33,2,1
6445690451,2605,True,1645601786,7.30,2,1
7537302577,2186,True,1705237748,7.35,2,1
6216584699,2483,True,1633856475,7.30,2,1
7133088873,2858,True,1682881271,7.33,2,1
7126983032,1421,True,1682544386,7.33,2,1
7538395639,1679,True,1705298885,7.35,2,1
5866577606,2199,False,1614848009,7.28,2,1
7557160807,3451,True,1706371812,7.35,2,1
6757581904,1893,False,1663160177,7.32,2,1
6745000790,1809,False,1662530921,7.32,2,1
6723666613,2545,True,1661431744,7.32,2,1
7088142825,2376,False,1680384376,7.32,2,1
7541257393,1983,True,1705473664,7.35,2,1
7541238065,1644,False,1705472162,7.35,2,1
8658928192,1680,True,1769030685,7.40,2,1
3356007093,1315,True,1501878341,7.06,2,1
5365331912,1443,True,1587278337,7.26,2,1
7305665987,1785,False,1693123991,7.34,2,1
2999810395,1610,True,1487171263,7.02,2,1
5231398852,1880,False,1581094919,7.24,2,1
7280595048,1903,False,1691781064,7.34,2,1
7280530603,1875,True,1691777980,7.34,2,1
5729706401,1382,True,1607164228,7.27,2,1
5714301939,3480,True,1606206042,7.27,2,1
5039580364,1340,True,1569394848,7.22,2,1
7550252629,2568,False,1705956961,7.35,2,1
5960269655,2056,False,1619162739,7.29,1,1
7629418692,2154,False,1710022605,7.35,2,1
7332672955,1611,False,1694599318,7.34,2,1
6000791213,2363,True,1621393155,7.29,2,1
8637562350,1283,True,1767694095,7.40,2,1
8644924152,1520,False,1768131134,7.40,2,1
7550321213,1208,True,1705961892,7.35,2,1
7550316989,1547,True,1705961529,7.35,2,1
8641227188,1622,True,1767910767,7.40,2,1
6087347483,976,True,1626213252,7.29,2,1
6081890096,2415,False,1625914995,7.29,2,1
7396988951,1653,False,1698128281,7.34,2,1
5726675758,1686,False,1606963028,7.27,2,1
7378884672,2346,True,1697152341,7.34,2,1
7366794509,2164,False,1696518481,7.34,2,1
7365453191,2210,False,1696447139,7.34,2,1
7629553158,1456,False,1710033283,7.35,2,1
7357331219,2637,False,1696003092,7.34,2,1
7353264096,2211,True,1695742777,7.34,2,1
7347219078,2058,False,1695413402,7.34,2,1
7364605619,2151,False,1696413422,7.34,2,1
7363293012,1883,True,1696334559,7.34,2,1
7332036523,2066,True,1694544776,7.34,2,1
7331927765,3151,True,1694540041,7.34,2,1
7330857693,2017,False,1694476791,7.34,2,1
7386092080,1702,True,1697542736,7.34,2,1
8643130989,1942,True,1768035271,7.40,2,1
5729431445,1276,False,1607148164,7.27,2,1
7031963950,2968,True,1677254717,7.32,2,1
7268611449,1435,True,1691061073,7.33,2,1
7266384094,1505,True,1690907940,7.33,2,1
6926072374,3126,True,1671448698,7.32,2,1
7226819741,2048,False,1688402027,7.33,2,1
7382617522,3229,False,1697351518,7.34,2,1
6158081326,2902,True,1630263500,7.30,2,1
7225467360,1862,False,1688314128,7.33,2,1
6778934812,3235,False,1664283643,7.32,2,1
7289490084,2114,False,1692305257,7.34,2,1
7219467682,2131,True,1687956308,7.33,2,1
8646576759,3622,False,1768230424,7.40,2,1
7226431977,4621,True,1688385667,7.33,2,1
7331639491,2510,True,1694528972,7.34,2,1
6157810302,1954,False,1630251315,7.30,2,1
7218427075,2288,True,1687883016,7.33,2,1
7309084759,1916,True,1693305043,7.34,2,1
7378081474,2425,True,1697114841,7.34,2,1
7551643489,1879,True,1706042278,7.35,2,1
8639324933,899,True,1767797964,7.40,2,1
8723111462,1410,False,1773120416,7.40,2,1
7379456287,3145,True,1697199048,7.34,2,1
7390181945,1869,False,1697778014,7.34,2,1
7364904299,1690,True,1696426393,7.34,2,1
7355036286,3302,False,1695877667,7.34,2,1
7343367691,2651,True,1695193904,7.34,2,1
7350364287,2121,True,1695567906,7.34,2,1
7573489893,3044,True,1707297205,7.35,2,1
7175810021,2029,False,1685297085,7.33,2,1
7310553261,2515,True,1693385839,7.34,2,1
7213609867,2539,True,1687599375,7.33,2,1
7311892184,1979,True,1693454819,7.34,2,1
7210565411,1744,False,1687415046,7.33,2,1
7340463189,3143,False,1695013958,7.34,2,1
7331069238,2041,True,1694498871,7.34,2,1
5676902748,1472,False,1603976104,7.27,2,1
7344376617,2128,True,1695242092,7.34,2,1
7206129669,2176,True,1687116688,7.33,2,1
5671361058,1141,False,1603620902,7.27,2,1
7203913678,2009,True,1687003209,7.33,2,1
7205642743,2863,False,1687096323,7.33,2,1
7206035745,2701,True,1687112158,7.33,2,1
7187986573,3754,False,1686014859,7.33,2,1
8645458528,2473,False,1768151314,7.40,2,1
7200847690,2219,True,1686813574,7.33,2,1
7173135304,1668,True,1685172698,7.33,2,1
8641727840,1468,True,1767955808,7.40,2,1
7184854997,1476,True,1685830712,7.33,2,1
7181758449,3105,True,1685653044,7.33,2,1
7185852552,2588,False,1685887330,7.33,2,1
7172243671,1753,False,1685117445,7.33,2,1
7371149707,1822,False,1696722611,7.34,2,1
7331809641,1926,True,1694534962,7.34,2,1
7312854581,1362,True,1693501833,7.34,2,1
7170771413,1482,True,1685031050,7.33,2,1
4243576946,1373,True,1543397739,7.20,2,1
7107348826,2983,True,1681507328,7.32,2,1
7109830242,3420,False,1681643403,7.32,2,1
7168883571,1203,True,1684927189,7.33,2,1
7131245817,2992,False,1682789249,7.33,2,1
7553048202,870,True,1706130299,7.35,2,1
7553038329,2213,False,1706129685,7.35,2,1
7103045874,2038,True,1681242269,7.32,2,1
6214007406,2233,False,1633701992,7.30,2,1
7254103121,1086,True,1690134008,7.33,2,1
8643327163,2108,False,1768046384,7.40,2,1
7577176159,1656,False,1707465066,7.35,2,1
7296481797,1475,True,1692635228,7.34,2,1
8641910540,1547,False,1767964630,7.40,2,1
7677705998,2594,False,1712657641,7.35,2,1
7266799231,1800,True,1690935046,7.33,2,1
7292261424,1253,True,1692445289,7.34,2,1
7654040402,1632,True,1711345856,7.35,2,1
5120850811,1770,False,1574267441,7.22,2,1
7579241172,4105,False,1707562999,7.35,2,1
7579165283,1838,False,1707559544,7.35,2,1
7654520361,2357,False,1711372827,7.35,2,1
7581941783,1937,False,1707676742,7.35,2,1
7460472746,1690,True,1701047798,7.34,2,1
5980573339,1763,True,1620241335,7.29,2,1
8692406059,1583,False,1771169744,7.40,2,1
5436965865,2862,False,1590514921,7.26,2,1
6034633832,1293,True,1623272378,7.29,2,1
7438678735,1875,True,1699969248,7.34,2,1
7438001014,1845,False,1699934466,7.34,2,1
7437095247,1267,True,1699886526,7.34,2,1
7436642750,1336,True,1699871757,7.34,2,1
7436393675,1908,True,1699857412,7.34,2,1
7437980594,1637,True,1699932926,7.34,2,1
7436286810,1653,False,1699850163,7.34,2,1
7297579627,1945,True,1692703973,7.34,2,1
7261453259,1588,True,1690619308,7.33,2,1
5656805674,1640,False,1602698042,7.27,2,1
7421974453,1551,False,1699250056,7.34,2,1
7423775902,2680,True,1699315572,7.34,2,1
5505272490,1740,True,1594274683,7.27,2,1
8636396679,1378,True,1767618076,7.40,2,1
7423668704,2003,False,1699306914,7.34,2,1
7423133297,2425,False,1699286371,7.34,2,1
7421356842,2309,False,1699213156,7.34,2,1
7423634173,2649,False,1699304442,7.34,2,1
7416568740,1764,False,1699055885,7.34,2,1
7416325449,1831,True,1699042336,7.34,2,1
8646140907,2083,False,1768205438,7.40,2,1
8639919419,1704,False,1767829116,7.40,2,1
7412508602,2149,False,1698918500,7.34,2,1
7412373819,1238,False,1698912881,7.34,2,1
5581200081,1118,False,1598180796,7.27,2,1
7249679378,2370,True,1689865074,7.33,2,1
7631628333,1784,False,1710138518,7.35,2,1
7237460503,1379,False,1689083665,7.33,2,1
7520694012,2079,False,1704354270,7.35,2,1
5956503308,2939,True,1618950603,7.29,2,1
5958163681,1674,False,1619037965,7.29,2,1
7520698421,1950,False,1704354912,7.35,2,1
7136848091,2180,True,1683100522,7.33,2,1
6023817373,1415,False,1622664165,7.29,2,1
7138199423,1691,True,1683184050,7.33,2,1
5537145118,1508,True,1595772420,7.27,2,1
7434877214,2085,False,1699790668,7.34,2,1
7434785781,1881,False,1699788081,7.34,2,1
7434381335,4378,False,1699773864,7.34,2,1
7430856071,1156,True,1699631495,7.34,2,1
5478229933,2021,True,1592593374,7.26,2,1
7410227001,1434,True,1698826813,7.34,2,1
7410059580,1440,True,1698816438,7.34,2,1
5468174518,2293,False,1592030964,7.26,2,1
5462078535,1877,False,1591701760,7.26,2,1
6827491866,2028,True,1666950730,7.32,2,1
8664224032,1928,True,1769357899,7.40,2,1
5946410433,2078,False,1618476790,7.29,2,1
5459580241,2089,False,1591560724,7.26,2,1
6822037531,1580,True,1666684413,7.32,2,1
5984405897,2522,False,1620473026,7.29,2,1
8664253794,2301,True,1769358626,7.40,2,1
5458829043,1593,True,1591532288,7.26,2,1
7632911037,725,True,1710203580,7.35,2,1
7088773659,3091,False,1680427578,7.32,2,1
5945457206,2663,False,1618415779,7.29,2,1
5441885616,1433,True,1590753271,7.26,2,1
5441654327,1548,False,1590743470,7.26,2,1
5981934536,1978,False,1620323613,7.29,2,1
5883510564,2546,False,1615604413,7.28,2,1
5860790319,2605,False,1614519066,7.28,2,1
6056645678,4137,False,1624543402,7.29,2,1
6052959588,2002,False,1624321426,7.29,2,1
5421819986,1587,False,1589758567,7.26,2,1
6263039572,2592,True,1636292281,7.30,2,1
7701135629,1488,False,1713886006,7.35,2,1
6262108499,2484,False,1636246598,7.30,2,1
5915332620,1703,False,1616999358,7.28,2,1
5842589675,1973,False,1613646097,7.28,2,1
5846432218,2161,True,1613823153,7.28,2,1
5396001071,1609,True,1588587391,7.26,2,1
8683453163,2538,False,1770577970,7.40,1,1
6697557563,2208,False,1659935753,7.31,2,1
7463529776,2218,True,1701226884,7.34,2,1
7524873771,1671,False,1704560880,7.35,2,1
7090823996,2368,True,1680538099,7.32,2,1
8655270075,1870,False,1768779298,7.40,2,1
6748243528,2134,False,1662700742,7.32,2,1
6912491337,1284,True,1670738998,7.32,2,1
5773392279,2012,True,1609860447,7.28,2,1
6820327498,1641,True,1666584496,7.32,2,1
6742458443,1987,False,1662386646,7.32,2,1
6695142988,1787,False,1659798330,7.31,2,1
5804931884,2208,True,1611734566,7.28,2,1
8648605347,1127,True,1768377923,7.40,2,1
8648607693,1575,True,1768378138,7.40,2,1
7077333856,1983,True,1679767920,7.32,2,1
6703394917,1451,True,1660294090,7.31,2,1
6703367525,1937,False,1660292578,7.31,2,1
6760107112,2116,False,1663293552,7.32,2,1
5707338520,3227,True,1605785385,7.27,2,1
7462186260,1805,True,1701152735,7.34,2,1
6779049326,2324,False,1664287644,7.32,2,1
5627573013,984,False,1600877283,7.27,2,1
6629896300,2533,False,1655899425,7.31,2,1
5656438498,1389,True,1602681480,7.27,2,1
8590847672,2083,True,1764928999,7.39,2,1
7585934993,1824,True,1707894901,7.35,2,1
7034035343,1856,True,1677357309,7.32,2,1
6917798032,2076,False,1671021122,7.32,2,1
7585954893,1666,True,1707896160,7.35,2,1
6718276243,2156,False,1661108665,7.31,2,1
6790880403,2937,True,1664926497,7.32,2,1
7023741586,1861,False,1676782767,7.32,2,1
7187134629,3051,True,1685967677,7.33,2,1
6644056742,2151,True,1656754484,7.31,2,1
8665008557,1605,True,1769416341,7.40,2,1
7067403437,2398,False,1679209164,7.32,2,1
7201603250,2596,True,1686851664,7.33,2,1
7157781736,1873,False,1684268607,7.33,2,1
3864472488,1683,False,1525367334,7.14,2,1
3136564169,2450,False,1492982124,7.05,2,1
6723271605,2179,True,1661410741,7.32,2,1
6697921206,1678,False,1659959448,7.31,2,1
6948315830,1716,False,1672613850,7.32,2,1
7002510263,1499,False,1675557905,7.32,2,1
5745153866,2025,True,1608156217,7.27,2,1
7159270592,2633,True,1684364550,7.33,2,1
6768683712,2119,False,1663735806,7.32,2,1
7157011566,1388,True,1684235289,7.33,2,1
6806150851,1412,True,1665810113,7.32,2,1
5718867054,1572,False,1606482256,7.27,2,1
5054215246,2364,False,1570199931,7.22,2,1
5169700201,3093,True,1577327670,7.23,2,1
7525299421,1449,False,1704579085,7.35,2,1
6962404886,1987,False,1673295312,7.32,2,1
5168375407,2248,True,1577241270,7.23,2,1
6910808552,2992,True,1670662951,7.32,2,1
6372186497,1833,False,1641930389,7.30,2,1
5474226849,2128,False,1592333974,7.26,2,1
7458506428,1818,False,1700952177,7.34,2,1
7550271362,1308,True,1705958076,7.35,2,1
7397167239,1654,True,1698141503,7.34,2,1
7503212404,2141,True,1703390936,7.34,2,1
7602272352,2596,False,1708649417,7.35,2,1
7387213159,1584,False,1697607190,7.34,2,1
6180144524,1811,True,1631618157,7.30,2,1
5741691911,1634,False,1607922391,7.27,2,1
7364196993,1325,True,1696381368,7.34,2,1
7550304755,2138,True,1705960638,7.35,2,1
7521642237,2489,True,1704395012,7.35,2,1
7452316011,1791,False,1700647228,7.34,2,1
6308395353,2159,False,1638804307,7.30,2,1
6081496014,2001,True,1625893198,7.29,2,1
7554196553,2136,True,1706203046,7.35,2,1
7397388581,1467,True,1698151817,7.34,2,1
7385113562,2021,True,1697473153,7.34,2,1
7379995137,2348,True,1697216413,7.34,2,1
7423623001,2875,False,1699304396,7.34,2,1
7352079243,2930,True,1695664958,7.34,2,1
7351976907,1429,True,1695660490,7.34,2,1
7352725274,2090,False,1695718767,7.34,2,1
7351771151,2255,False,1695652822,7.34,2,1
8646641199,1566,True,1768233296,7.40,2,1
7327179982,2673,True,1694278911,7.34,2,1
7326596983,2687,True,1694260623,7.34,2,1
7310378432,2422,False,1693373000,7.34,2,1
7225632359,2198,False,1688321728,7.33,2,1
7554272147,2545,False,1706206472,7.35,2,1
7554957374,2318,True,1706261088,7.35,2,1
7222212845,1907,True,1688132136,7.33,2,1
7550666247,1299,False,1705996149,7.35,2,1
7550704109,2042,True,1705999065,7.35,2,1
5706167334,1727,False,1605701892,7.27,2,1
7554478964,2583,False,1706217105,7.35,2,1
7300181253,2520,True,1692832633,7.34,2,1
7269497276,1929,True,1691108101,7.33,2,1
7401889786,2648,True,1698406727,7.34,2,1
7389025317,1682,True,1697716409,7.34,2,1
7386399798,2740,False,1697553809,7.34,2,1
7387302692,3752,False,1697614886,7.34,2,1
7204019840,2338,False,1687007569,7.33,2,1
7203844225,2154,True,1686999856,7.33,2,1
7193593971,2562,False,1686369694,7.33,2,1
6221083701,2028,True,1634133471,7.30,2,1
7576474748,1983,False,1707420434,7.35,2,1
7553060661,1184,True,1706131133,7.35,2,1
7630300144,2203,False,1710071678,7.35,2,1
5653421867,2197,False,1602471901,7.27,2,1
7228956039,2018,False,1688554635,7.33,2,1
7254175177,2518,False,1690136884,7.33,2,1
7323213365,2301,False,1694077501,7.34,2,1
7168134492,1603,True,1684867950,7.33,2,1
7931172014,2004,True,1725652164,7.37,2,1
7190528421,2252,False,1686168456,7.33,2,1
7285681041,1728,False,1692075267,7.34,2,1
7182195941,1518,False,1685693928,7.33,2,1
7279644152,2079,True,1691736827,7.34,2,1
7248020937,2087,False,1689760624,7.33,2,1
7268121764,1993,True,1691018431,7.33,2,1
7630491943,1672,True,1710077524,7.35,2,1
7324609187,1901,True,1694157567,7.34,2,1
7632454039,2828,True,1710176844,7.35,2,1
7578792590,1646,True,1707539014,7.35,2,1
7578783989,2399,True,1707538311,7.35,2,1
6082238182,3582,False,1625929176,7.29,2,1
5631419468,2252,True,1601122092,7.27,2,1
7443123765,1754,True,1700205592,7.34,2,1
7443102310,2739,False,1700204010,7.34,2,1
7442758918,2310,True,1700174395,7.34,2,1
7354997152,1275,False,1695874364,7.34,2,1
8646757056,1734,True,1768238858,7.40,2,1
7440288819,1888,True,1700054066,7.34,2,1
7439884666,2252,False,1700035045,7.34,2,1
7440609413,1323,True,1700063663,7.34,2,1
7439939093,2007,True,1700038458,7.34,2,1
7302818007,2974,True,1692978387,7.34,2,1
7439254137,2357,False,1699988229,7.34,1,1
7349512976,1617,True,1695536310,7.34,2,1
8646830397,2206,True,1768242630,7.40,2,1
7239682767,1526,False,1689235160,7.33,2,1
7262878964,3254,False,1690701678,7.33,2,1
5589758269,1616,True,1598673455,7.27,2,1
7428511333,1126,True,1699534937,7.34,2,1
7257343390,3458,True,1690359920,7.33,2,1
7426008617,3295,True,1699422955,7.34,2,1
7425982350,1692,True,1699421437,7.34,2,1
7425792192,1750,False,1699408011,7.34,2,1
8646135408,1511,True,1768204933,7.40,2,1
7422193365,2545,False,1699260839,7.34,2,1
7421868393,1589,True,1699244116,7.34,2,1
7420890911,3513,True,1699199023,7.34,2,1
7422323088,1532,False,1699266031,7.34,2,1
6015303324,2099,False,1622214007,7.29,2,1
7509729756,1440,True,1703757710,7.35,2,1
7510538560,2046,False,1703790615,7.35,2,1
8654299829,2282,False,1768734204,7.40,2,1
7397895851,2464,False,1698168631,7.34,2,1
8654336472,2050,False,1768735321,7.40,2,1
7388902941,2126,True,1697709973,7.34,2,1
8642801542,1744,True,1768010178,7.40,2,1
5570361361,1505,False,1597565474,7.27,2,1
7389449706,2031,True,1697730494,7.34,2,1
7326582476,1655,False,1694259480,7.34,2,1
7346040424,1210,True,1695355327,7.34,2,1
7356925939,1236,True,1695988117,7.34,2,1
7353447078,1591,False,1695749644,7.34,2,1
7350543693,1146,True,1695574281,7.34,2,1
7631527561,2311,True,1710129431,7.35,2,1
7654183516,2155,False,1711356580,7.35,2,1
7548950701,2007,True,1705879005,7.35,2,1
5565999737,1852,True,1597323503,7.27,2,1
8654395603,1023,False,1768737812,7.40,2,1
7199653917,2106,False,1686736500,7.33,2,1
7196332045,2053,False,1686511486,7.33,2,1
6139471400,2144,False,1629205915,7.29,2,1
5472065644,3422,False,1592221373,7.26,2,1
5339573962,1773,False,1586242352,7.25,2,1
5985070231,1688,True,1620497164,7.29,2,1
7183191282,3474,True,1685739643,7.33,2,1
7584425668,1559,True,1707817905,7.35,2,1
7549790865,1347,True,1705935777,7.35,2,1
5185871845,2205,True,1578304392,7.23,2,1
6184315951,3615,False,1631883991,7.30,2,1
6175184280,2035,True,1631325051,7.30,2,1
6691810571,2137,False,1659603440,7.31,2,1
7198797837,2524,False,1686671054,7.33,2,1
7165898123,1957,True,1684746761,7.33,2,1
6714877457,1770,True,1660932594,7.31,2,1
5958267717,1150,True,1619045791,7.29,2,1
6126239492,3219,False,1628434807,7.29,2,1
5510902198,2594,True,1594624941,7.27,2,1
7221782037,2629,True,1688106025,7.33,2,1
8637033603,1777,False,1767647237,7.40,2,1
6916662040,1604,True,1670948670,7.32,2,1
8640550399,2302,True,1767878792,7.40,2,1
5483371636,1732,False,1592915582,7.26,2,1
7434709536,2487,True,1699785600,7.34,2,1
7434316831,2296,False,1699771482,7.34,2,1
7433626821,2187,True,1699734378,7.34,2,1
5481724130,961,True,1592806800,7.26,2,1
6122269808,1786,False,1628233156,7.29,2,1
7411849613,1940,True,1698881138,7.34,2,1
7409701299,1959,True,1698785394,7.34,2,1
7408600581,2939,True,1698743542,7.34,2,1
7408184242,1976,False,1698708995,7.34,2,1
7405239578,920,True,1698571287,7.34,2,1
7403375687,1692,False,1698484235,7.34,2,1
8396424038,1779,True,1753940315,7.39,2,1
7406992064,1491,False,1698658878,7.34,2,1
7405128989,2437,False,1698566444,7.34,2,1
7403112444,2405,False,1698468725,7.34,2,1
8640713686,1924,False,1767885179,7.40,2,1
7466725033,1627,True,1701419623,7.34,2,1
7602637621,1059,True,1708675250,7.35,2,1
5432400187,2300,True,1590305262,7.26,2,1
6122872235,2006,False,1628262003,7.29,2,1
5464917165,1678,False,1591856018,7.26,2,1
5368369601,3060,True,1587394555,7.26,2,1
5948836493,3339,False,1618592657,7.29,2,1
5947501015,1520,False,1618523629,7.29,2,1
6942918684,1586,False,1672333164,7.32,2,1
5973196588,2106,True,1619865072,7.29,2,1
5456570211,1430,True,1591432601,7.26,2,1
5451793488,4059,True,1591191510,7.26,2,1
5945010610,2350,True,1618401147,7.29,2,1
5984232952,1963,True,1620463873,7.29,2,1
5367790518,1361,True,1587377844,7.26,2,1
6765863965,1668,True,1663577961,7.32,2,1
5419433402,2072,False,1589665896,7.26,2,1
6274565758,2244,False,1636898714,7.30,2,1
5874494532,2128,False,1615193975,7.28,2,1
8647380420,2350,False,1768292391,7.40,1,1
8647394441,1843,False,1768293763,7.40,2,1
7655573328,1652,True,1711434400,7.35,2,1
6635641911,3201,True,1656239149,7.31,2,1
6497735805,1804,True,1648465306,7.31,2,1
5778037783,1993,True,1610139539,7.28,2,1
5781039530,1550,True,1610298735,7.28,2,1
6724735562,2042,True,1661492454,7.32,2,1
6682272080,3102,True,1659045201,7.31,2,1
6755519051,1297,False,1663043314,7.32,2,1
5655335526,1863,False,1602601215,7.27,2,1
6739986035,2185,False,1662268535,7.32,2,1
6876909935,1618,True,1669016726,7.32,2,1
6672103531,1821,False,1658442725,7.31,2,1
6928668525,2410,True,1671591967,7.32,2,1
8648958677,501,True,1768399661,7.40,2,1
6730988144,2057,False,1661795454,7.32,2,1
6792589932,2346,True,1665029205,7.32,2,1
6719680121,1064,True,1661191615,7.31,2,1
6202500923,1405,False,1632989041,7.30,2,1
8648957671,1465,False,1768399619,7.40,2,1
7461881833,2031,True,1701123739,7.34,2,1
6678943362,1821,True,1658848164,7.31,2,1
7132300163,1428,True,1682852942,7.33,2,1
6931713675,1862,False,1671759635,7.32,2,1
7585773648,1881,True,1707883983,7.35,2,1
7586126937,1316,False,1707905541,7.35,2,1
7016638111,2061,False,1676372402,7.32,2,1
6712441502,1864,True,1660801470,7.31,2,1
8663681101,1793,True,1769336236,7.40,2,1
6712533436,1143,False,1660808531,7.31,2,1
5746236454,2319,False,1608231491,7.27,2,1
6712748996,1445,True,1660821203,7.31,2,1
5743676597,2358,False,1608053270,7.27,2,1
5693919775,2610,True,1604925734,7.27,2,1
6973270477,3181,True,1673879236,7.32,2,1
8649511805,2027,True,1768429537,7.40,2,1
7166729681,2256,False,1684782740,7.33,2,1
6797162705,2001,True,1665280875,7.32,2,1
6778089170,2039,True,1664222419,7.32,2,1
6690342360,1499,True,1659512377,7.31,2,1
5643829876,1863,False,1601885240,7.27,2,1
6668156396,2562,False,1658194094,7.31,2,1
6748200173,2507,False,1662697362,7.32,2,1
7165653736,1971,True,1684726829,7.33,2,1
5670600150,3288,True,1603569059,7.27,2,1
7209007343,1847,True,1687310142,7.33,2,1
6235608560,1250,True,1634922262,7.30,2,1
6292669759,2350,True,1637921796,7.30,2,1
5556051242,2784,False,1596774504,7.27,2,1
7212242981,2268,True,1687518971,7.33,2,1
5594474475,1873,True,1598911753,7.27,2,1
7164317731,1537,True,1684659483,7.33,2,1
7164796469,2814,False,1684677604,7.33,2,1
7556140066,2318,False,1706320278,7.35,2,1
5585129743,2358,False,1598406134,7.27,2,1
7149111943,1721,False,1683789125,7.33,2,1
8665556101,2812,True,1769445608,7.40,2,1
3473757920,5096,True,1506741248,7.06,2,1
5494373956,2613,True,1593601461,7.27,2,1
5505596144,2024,False,1594296176,7.27,2,1
7143367396,2546,True,1683463991,7.33,2,1
7529871196,1950,False,1704823668,7.35,2,1
7140930953,1839,True,1683346493,7.33,2,1
7139538192,2021,True,1683266004,7.33,2,1
7587564765,1597,False,1707984364,7.35,2,1
7531040242,2377,True,1704899103,7.35,2,1
7593827269,1423,False,1708257725,7.35,2,1
5380657293,1495,False,1587915803,7.26,2,1
7078656739,1152,False,1679838782,7.32,2,1
